Sr. No,Name,Age,Area,Price,Family Members
1,Madeleine Dodson,27,357,68016,1
2,Seven Romero,47,744,41195,1
3,Eliza Barton,29,837,62957,1
4,Cassius Vega,23,776,11635,2
5,Dakota Gonzalez,29,564,22640,1
6,Ethan Kerr,41,855,19291,2
7,Baylee Clark,29,739,41662,3
8,John Gonzalez,35,978,98994,2
9,Abigail Huber,31,917,47705,1
10,Mac Waller,41,159,38767,2
11,Whitley Perkins,40,766,35385,4
12,Kyrie Murphy,47,436,67292,3
13,Bella Serrano,46,438,29745,3
14,Milan Vaughn,37,175,49886,1
15,Reign Griffin,41,315,70941,1
16,Ayden Fitzgerald,23,254,70082,4
17,Marlee Carpenter,50,594,91730,4
18,Jeremy Calderon,26,382,52418,4
19,Serena Moody,20,673,99385,1
20,Ryland Jarvis,24,789,71375,2
21,Elisabeth May,28,396,82896,1
22,Finley Camacho,25,818,29575,2
23,Armani Fleming,35,878,68512,1
24,Fernando Chavez,50,667,16932,3
25,Nevaeh Horn,41,275,97037,3
26,Wilson Robles,40,757,36935,2
27,Felicity Greer,42,894,31723,2
28,Koda Chan,35,133,27978,4
29,Hattie Church,37,976,51920,1
30,Terrance Padilla,45,666,53822,4
31,Maggie Everett,50,763,56572,1
32,Camilo Tang,45,694,11442,4
33,Belle Stevens,48,562,73465,2
34,Zachary Jimenez,46,417,85018,1
35,Adeline Rosales,26,860,81636,2
36,Wilder Pace,39,478,90803,1
37,Giana Fry,28,688,27278,1
38,Jacoby Hanson,33,775,99159,3
39,Mariana Mendoza,27,778,47281,3
40,Dominic Durham,43,238,84011,2
41,Tiffany Moss,36,633,30068,3
42,Porter Chen,37,178,54042,3
43,Valeria Delgado,45,266,35660,4
44,Colt Todd,37,805,38377,4
45,Zariah Mullen,48,530,43251,3
46,Shepard Sanford,49,860,53823,1
47,Emerald Underwood,20,235,66856,3
48,Reece Colon,20,257,71698,2
49,Remy Maxwell,50,316,74705,1
50,Eden Jefferson,22,739,59120,4
51,Julieta Chavez,27,346,80997,2
52,Ian Kim,21,596,29087,1
53,Gabriella Johnston,37,618,65848,1
54,Felix Ballard,47,472,14002,2
55,Alejandra Bullock,31,898,92043,2
56,Ben Flores,31,985,40463,3
57,Emilia Nash,38,622,28471,1
58,Chandler Riley,43,828,25121,3
59,Kayla Knox,28,699,37724,3
60,Valentin Beasley,44,369,96569,2
61,Jaylah Barrett,30,978,53535,1
62,Angelo Leblanc,43,217,56575,2
63,Novalee Harrison,47,157,40957,3
64,Gavin Rivera,37,164,64866,3
65,Lillian Burnett,49,414,38579,3
66,Davis Lambert,47,436,58977,4
67,Nina Gomez,20,989,65588,2
68,Isaiah Gross,49,112,55660,4
69,Angel Lynn,34,352,94113,3
70,Zechariah Baker,25,471,37996,4
71,Isla Pena,46,526,76707,1
72,Marcus Wolfe,47,315,89536,1
73,Hallie Bradley,32,484,60218,4
74,Richard Villalobos,39,594,15153,2
75,Zoya McBride,30,734,74323,1
76,Denver Weeks,23,673,34833,2
77,Karen Mata,33,698,91685,2
78,Ray Fitzgerald,35,530,22513,3
79,Marlee Alvarado,34,953,40815,1
80,Andres Tyler,38,191,95301,2
81,Helena Gill,29,831,37497,4
82,Matthias Fitzgerald,29,191,33890,3
83,Marlee Hampton,21,769,21897,3
84,Hank Huffman,40,345,66768,2
85,Hayley Avery,43,132,29280,4
86,Jakari Sanford,42,302,73599,3
87,Emerald Morrison,42,433,46962,1
88,Maximus Middleton,24,131,57935,4
89,Madalyn Fields,47,574,16671,3
90,Clayton Schmitt,27,749,31461,4
91,Queen Cantrell,46,431,94352,2
92,Harris Singh,28,792,72592,2
93,Vivienne Jacobson,32,491,85395,1
94,Legacy Truong,25,649,19367,1
95,Judith Cohen,22,910,80961,3
96,Killian Solomon,32,608,26958,2
97,Mylah Tapia,40,183,98577,1
98,Samir Hurst,37,513,11150,4
99,Adalee Buchanan,36,121,55437,2
100,Enrique Cobb,36,236,49019,1
101,Aviana Wolf,35,172,60025,4
102,Jase Clark,41,594,68764,1
103,Chloe Blevins,30,349,33551,4
104,Avi Humphrey,47,452,14922,4
105,Journi Spears,21,391,74682,2
106,Ameer Sanford,50,533,22836,1
107,Emerald Gallagher,34,753,69365,1
108,Marcos Kennedy,23,510,83018,2
109,Brianna Faulkner,33,708,29048,4
110,Jabari Young,42,684,10699,2
111,Zoey McLean,24,555,15304,3
112,Crosby Ballard,39,142,15401,2
113,Alejandra Vu,36,736,96090,4
114,Kamdyn Leal,38,891,41895,2
115,Murphy Fletcher,43,913,58858,4
116,Jay Phillips,40,188,37654,3
117,Naomi Blankenship,49,270,44667,3
118,Ernesto Charles,45,862,56552,1
119,Jenna Oliver,43,351,94674,3
120,Karson Alfaro,28,171,52976,4
121,Yasmin Wolfe,36,328,66920,1
122,Donovan Beil,27,526,67082,1
123,Itzel Conley,27,735,82537,1
124,Marvin Morse,49,373,95367,1
125,Kairi Salinas,34,462,89304,1
126,Edgar Roth,47,554,11215,1
127,Elliot Harris,40,792,71640,1
128,Samuel Bauer,22,731,40663,3
129,Haley George,35,989,19492,1
130,Mark Griffith,43,588,28601,3
131,Alicia Conley,25,680,13622,2
132,Marvin Graham,40,170,34386,3
133,Alaia Floyd,39,971,43070,3
134,Pierce Espinoza,31,167,37438,2
135,Lucille Beil,20,845,39631,3
136,Ariel Morgan,37,192,76504,2
137,Delilah Greer,49,978,23759,4
138,Koda Franco,40,249,59822,4
139,Charleigh Rivas,37,280,73766,3
140,Damon Bender,30,976,44157,4
141,Lilyana Le,34,433,11149,4
142,Damien McCann,25,694,46173,4
143,Joyce Acosta,21,526,89088,1
144,Jensen Aguilar,46,406,76140,1
145,Josie Dejesus,30,436,94873,2
146,Rio Porter,29,676,36843,1
147,Ryleigh Stanley,28,855,67183,1
148,Manuel Stephenson,28,550,21437,3
149,Khaleesi Carr,27,931,18313,1
150,Kash Gillespie,42,375,95629,3
151,Alianna Dorsey,34,969,49915,1
152,Enoch Ramsey,34,999,13219,3
153,Lyric Wolfe,41,147,34250,3
154,Donovan Walters,28,272,42990,4
155,Samara Lang,49,992,28010,4
156,Wells Branch,46,427,91127,3
157,Luisa Mathis,48,226,15884,3
158,Gustavo Medrano,41,275,78807,1
159,Halle Marin,45,494,68653,4
160,Aldo Odom,22,252,57244,4
161,Laylani Roberts,24,368,93275,4
162,Josiah Terry,21,749,65416,1
163,Wren Watkins,22,447,79531,2
164,Nash Graves,28,787,79628,1
165,Elle Mendez,27,478,85058,2
166,Arthur Stewart,35,866,39376,4
167,Maya Pitts,30,743,24828,4
168,Trey Hubbard,32,831,12138,4
169,Rosie Rogers,40,244,59379,3
170,Colton Arroyo,45,524,18006,3
171,Kyra Sampson,34,296,89153,3
172,Cain Elliott,46,114,70710,1
173,Noelle Sutton,39,493,61398,4
174,Warren Chase,25,471,53304,4
175,Angie Walters,22,349,67506,4
176,Colson Palacios,23,550,14844,4
177,Bria Castro,40,407,83782,1
178,Jasper Hardin,45,499,89244,3
179,Vada Leon,38,887,89374,1
180,Marshall Bailey,31,343,92119,3
181,Kennedy Pratt,33,851,14228,1
182,Rowen Woodard,41,766,43313,3
183,Aubrie House,31,861,89845,3
184,Yehuda Zhang,35,114,28607,3
185,Sarai Wolfe,40,585,52548,4
186,Donovan Chase,34,311,66524,2
187,Angie Ortiz,27,790,37206,4
188,Landon Mack,35,167,49311,4
189,Nadia Barrera,48,371,52845,4
190,Makai Frank,26,225,65652,4
191,Dior Walters,39,338,79338,4
192,Colson Cherry,32,366,73243,1
193,Nyomi Chang,41,394,73957,1
194,Ari Ballard,27,752,44005,1
195,Alejandra Ward,20,584,25151,3
196,Jameson Tate,25,699,93948,4
197,Skye Jennings,40,412,12508,2
198,Corbin Fletcher,50,403,99651,2
199,Anaya Bass,30,130,96269,1
200,Landen Jacobson,38,608,27525,3
201,Royal Vu,30,907,33213,1
202,Kamdyn Estes,41,669,34715,3
203,Brittany Lu,36,930,47490,1
204,Duncan Conway,33,156,88798,3
205,Ryann Kennedy,43,901,34828,4
206,Maxwell Salinas,38,931,60894,1
207,Royalty McLaughlin,21,847,13846,3
208,Ibrahim Olsen,30,199,76705,3
209,Oaklyn Munoz,43,314,21695,2
210,Justin Dennis,44,949,64127,4
211,Maisie Spencer,37,920,63300,4
212,Ace Preston,48,307,57822,1
213,Indie Charles,24,426,79111,4
214,Conrad Mitchell,47,605,42738,3
215,Willow Jimenez,45,305,88365,2
216,Silas McKee,23,545,58756,4
217,Kori Heath,30,251,70636,2
218,Lionel Mendez,30,719,24954,1
219,Londyn Manning,25,749,90639,1
220,Seth Barker,32,686,87717,2
221,Remington Lambert,23,673,16449,2
222,Mario Frost,37,612,93566,3
223,Paula Garcia,38,182,45964,2
224,James Dominguez,32,759,93013,2
225,Raegan Li,27,146,41724,4
226,Jorge Perry,40,244,18887,3
227,Clara Espinosa,49,903,32831,3
228,Khalid Chung,42,123,70170,4
229,Rivka Howe,48,384,39082,3
230,Alaric O’Neill,40,152,54570,1
231,Kenna Calderon,24,537,54699,4
232,Oakley Arroyo,50,229,72702,1
233,Kyra Harrell,26,737,69554,4
234,Nelson Hood,49,512,90384,2
235,Briana Vo,50,431,75404,2
236,Gordon Cantrell,31,901,83933,1
237,Yamileth McCarty,36,153,74851,2
238,Blaise Leach,22,865,52102,2
239,Martha Ingram,35,563,46297,3
240,Tripp Roman,28,924,34889,3
241,Astrid Pruitt,36,226,30167,4
242,Gatlin Wilkinson,49,884,41204,3
243,Siena Nixon,41,427,56660,3
244,Cory Hines,47,157,58821,1
245,Poppy Day,36,249,83048,1
246,Kayson Stanton,30,758,29583,4
247,Jaycee Ahmed,27,112,67706,2
248,Harry Mullen,20,472,79268,4
249,Shay Mathews,32,500,96231,1
250,Jamir Lane,22,256,76973,2
251,Amy Kline,23,886,81847,2
252,Ramon Webb,36,336,28103,3
253,Ariella Moody,30,968,18791,4
254,Ryland Gray,36,524,20293,3
255,Sarah Salas,31,703,23042,3
256,Zaiden Guerra,35,245,94629,2
257,Edith Tate,48,876,40659,4
258,Dalton Peralta,31,989,66982,2
259,Malayah Mendoza,23,238,34677,3
260,Dominic Rosas,37,831,49511,4
261,Joelle Horton,45,373,19012,4
262,Garrett Ochoa,43,339,78101,2
263,Luciana Yu,47,328,60875,3
264,Bryant Thompson,50,283,63910,1
265,Madison Fox,46,154,75174,1
266,Antonio Carson,26,786,48568,4
267,Nalani Norton,47,363,94195,2
268,Callen Hampton,25,603,96912,4
269,Leona Kennedy,29,540,99722,2
270,Maxwell Hendrix,27,447,22528,1
271,Zhuri Steele,24,808,96727,4
272,Elian Acevedo,34,977,18546,2
273,Ashlynn Harding,33,881,83206,4
274,Brodie Park,39,671,60995,1
275,Lia Murphy,28,677,21795,1
276,Cameron Weeks,28,666,60700,4
277,Karen Wright,47,641,99669,2
278,Grayson Schwartz,26,491,18900,1
279,Lilliana Crane,38,785,15518,1
280,Fox Mathews,36,701,37599,2
281,Sloan Gregory,37,961,88513,1
282,Travis Benton,29,898,45512,1
283,Anais Novak,39,116,31455,3
284,Bishop Washington,39,724,40389,3
285,Valerie Santos,46,416,60497,3
286,Walker Huber,46,338,25046,3
287,Raquel McMahon,36,107,44896,4
288,Jakob Sellers,40,247,51507,4
289,Mercy Gallagher,22,963,62771,4
290,Marcos Lang,50,542,81539,4
291,Amirah Adkins,21,330,50709,4
292,Kylo Hansen,48,603,95580,1
293,Hope Choi,21,842,67344,2
294,Khari Boyle,31,358,78639,1
295,Aliya Clements,23,716,27350,2
296,Fisher Waters,33,856,63490,2
297,Bristol Parra,49,624,22226,2
298,Davion Lara,40,234,90274,3
299,Heidi Sampson,39,719,30140,2
300,Cain Webb,38,847,26702,2
301,Ariella Hodges,34,984,35409,4
302,Alonzo Ashley,35,781,44641,4
303,Khalani Moody,43,593,29539,3
304,Ryland Matthews,49,628,32514,4
305,Lila Murillo,43,441,79481,3
306,Lance Nielsen,46,412,51278,2
307,Vienna Villarreal,41,176,60477,1
308,Nikolai Blackwell,48,617,77315,2
309,Saoirse Merritt,27,455,88836,1
310,Colten Kirk,20,666,26413,1
311,Ellis Arellano,32,735,92364,3
312,Kellan Meyer,26,740,40196,3
313,Sara Salazar,42,200,76699,2
314,Brody Acosta,35,583,12764,4
315,Kaia Elliott,36,823,48795,3
316,Blake Cooper,44,193,31597,3
317,Serenity Robinson,35,734,34604,4
318,Matthew Barton,43,462,39510,3
319,Danna Blanchard,47,934,76623,1
320,Adler Bond,22,197,64599,3
321,Alena Palmer,49,216,67409,1
322,Theo Singleton,47,273,70706,1
323,Malaysia Moon,20,717,64414,4
324,Nova Neal,26,574,76233,2
325,Talia Mendoza,50,558,24097,4
326,Dominic Dean,36,580,58569,1
327,Julianna Vance,45,402,84602,2
328,Casen Dennis,30,724,78765,2
329,Maisie Patel,24,932,35732,3
330,Parker Cano,36,552,24730,1
331,Egypt Howell,40,760,21348,2
332,Bradley Thomas,27,752,33661,2
333,Elizabeth Alvarez,47,236,94344,2
334,Xavier Spencer,28,956,51342,4
335,Alyssa Wheeler,41,174,52544,2
336,Kenneth McIntyre,45,114,46219,4
337,Rebekah Summers,37,144,58071,3
338,Darius Preston,45,397,53874,4
339,Indie Wagner,46,398,65726,1
340,Enzo Bridges,50,220,66408,3
341,Elora Tucker,24,121,68859,4
342,Ivan David,40,750,87350,3
343,Haylee Archer,31,624,36286,3
344,Ephraim Carr,50,458,74708,1
345,Rowan Richard,20,367,85247,4
346,Ahmed Anderson,34,413,55961,4
347,Ella Newton,46,572,12928,1
348,Santino Vaughan,28,711,64068,1
349,Nancy Black,20,632,31060,2
350,Matteo Fletcher,26,660,84922,2
351,Anaya Roy,35,492,15460,2
352,Marcelo Avery,33,936,35535,1
353,Meghan Sellers,37,990,77964,2
354,Madden Pacheco,27,637,30476,4
355,Paris Cain,27,118,27094,3
356,Benson Hodge,49,719,18092,3
357,Coraline Donaldson,38,297,56545,2
358,Canaan Paul,41,185,27088,4
359,Daphne Sexton,44,232,69310,3
360,Mylo Solomon,40,390,42898,4
361,Mylah Beasley,22,108,54162,4
362,Stanley Sanders,46,471,14994,3
363,Everleigh Freeman,20,711,24666,1
364,Jayce Quintero,45,393,87266,1
365,Keyla Terrell,27,751,65280,2
366,Jaxen Preston,31,469,59834,1
367,Indie Melendez,22,476,14378,1
368,Nikolas Hunt,21,837,74133,3
369,Genevieve Brady,31,537,20163,2
370,Reed Chase,40,115,94579,1
371,Angie Heath,35,504,98926,3
372,Lionel McLaughlin,38,972,53180,1
373,Stephanie Woodward,33,163,24736,4
374,Jeremias Cervantes,32,827,36031,4
375,Aylin Holloway,39,372,44739,4
376,Sutton Ventura,45,129,98278,4
377,Zora Rowe,39,211,91420,4
378,Kamden Miles,43,148,67403,2
379,Alessandra Jordan,41,490,93436,1
380,Sawyer Khan,33,497,64343,1
381,Mabel Carson,22,460,78287,3
382,Ares Bond,32,640,22285,4
383,Alena Stokes,40,616,96669,2
384,Santana Hobbs,22,608,10983,3
385,Lacey Bailey,39,992,13176,2
386,Axel Edwards,35,684,28922,4
387,Ivy Schmitt,36,848,38122,2
388,Murphy Crane,40,873,55053,4
389,Della Moss,34,150,33623,3
390,Porter Cisneros,47,252,39452,3
391,Janelle Lowery,44,190,51304,1
392,Jaxxon Johnston,42,308,75499,3
393,Laila Hickman,27,877,46181,4
394,Jakobe Gentry,32,278,60157,1
395,Amelie Knapp,26,479,54094,1
396,Boden Vu,26,667,80538,1
397,Kimora White,46,423,91078,4
398,Aiden Arias,36,389,85047,1
399,Aleah Richardson,45,502,99249,1
400,Robert Stanton,38,687,69898,1
401,Jaycee Nash,50,691,36890,3
402,Chandler Robbins,28,951,15493,4
403,Stevie Sullivan,41,551,21290,2
404,Evan Ponce,24,661,33110,2
405,Aileen Stone,39,147,17307,3
406,Finn Knox,37,928,36307,3
407,Kallie Stevenson,29,997,41995,2
408,Callan Holt,20,777,43898,4
409,Adelynn Weber,36,505,94699,2
410,Crew Dunn,48,262,32918,3
411,Olive Fletcher,46,290,66885,4
412,Jay Trevino,39,320,69702,3
413,Priscilla Melton,32,956,40384,4
414,Lennon Suarez,45,416,99473,4
415,Jimena Chase,49,656,35950,4
416,Otis Mejia,50,488,81744,1
417,Saylor Lucas,45,365,68828,1
418,Chance Rice,29,331,77826,1
419,Ada Powers,28,654,32112,4
420,Sean Stevenson,27,784,60355,1
421,Regina Byrd,26,481,14383,3
422,Cristian Richard,26,863,23123,1
423,Davina Good,39,446,93404,3
424,Davian Carpenter,36,916,39660,1
425,Lilly Bautista,31,926,99447,3
426,Raul Jaramillo,38,977,30510,3
427,Guadalupe Beard,26,234,39217,3
428,Nathanael Maxwell,44,975,26011,3
429,Kyla Henson,44,324,88902,3
430,Bellamy Warner,46,183,98606,3
431,Wynter Pineda,39,232,59664,1
432,Gerardo Nelson,22,472,61825,4
433,Everly Moreno,21,202,44257,4
434,Myles Cordova,23,300,88318,4
435,Florence Roberson,20,682,70194,1
436,Shepherd Reyna,21,497,75210,2
437,Luella Adams,30,734,77661,1
438,Hudson Glover,26,343,83381,2
439,Alessia McCarthy,32,795,35603,4
440,Devin Alvarado,28,706,20765,2
441,Blake Banks,23,793,97850,3
442,Martin Roman,38,225,28678,2
443,Astrid Shepherd,42,502,82507,2
444,Ronald Sanchez,33,951,49725,2
445,Aria McKay,38,772,43663,1
446,Joey Patton,32,253,54635,4
447,Lorelei Rush,48,139,48315,4
448,Kaiser Hendrix,45,281,74316,1
449,Zhuri Booker,46,601,97533,4
450,Dominik Hurley,39,334,79784,1
451,Rylan Gray,43,447,85471,2
452,Nicholas Aguirre,34,837,87633,1
453,Ariah Kirk,28,305,24919,3
454,Alessandro Quintero,26,813,99972,1
455,Keyla Perez,39,726,39024,3
456,Owen McCarthy,29,756,84823,2
457,Kira Guzman,34,993,11786,2
458,Jude Lowe,39,545,45785,4
459,Amari Rodgers,32,274,59729,2
460,Mathias Patton,26,722,30120,4
461,Lorelei Bates,32,117,56153,4
462,Ellis Sierra,46,439,39374,3
463,Marceline Morgan,24,152,61621,4
464,Hunter Salas,37,265,75533,4
465,Amber Brock,30,234,69470,1
466,Julio Stewart,40,225,72022,4
467,Maya Klein,20,715,41780,4
468,Marco Roberson,49,544,20829,2
469,Sasha Mata,23,656,89917,4
470,Ray Stone,35,389,83657,2
471,Catalina Trevino,50,384,29687,2
472,Jaime Fitzpatrick,29,993,91248,1
473,Annabella Knapp,36,540,20214,3
474,Boden Schmidt,28,836,38023,1
475,Kimberly Phelps,41,737,29467,4
476,Hamza Vega,35,224,45491,2
477,Dakota Rich,30,987,15277,3
478,Miller Lindsey,40,134,51340,4
479,Colette Alexander,33,945,77115,1
480,Kingston Bush,23,132,23586,3
481,Everlee Gutierrez,34,382,74480,3
482,Luca Ray,48,474,17697,2
483,Ruth Pennington,48,906,45242,4
484,Bobby Harmon,36,901,56473,4
485,Maren Potter,47,207,52833,4
486,Lucca Chase,23,388,73896,3
487,Angie Wilkerson,46,535,47516,3
488,Carmelo Ponce,44,353,81279,2
489,Aileen Hess,22,492,54983,4
490,Lawrence Tapia,26,201,68959,2
491,Michaela Espinosa,27,651,21181,1
492,Khalid Burke,23,560,86576,4
493,Vera Serrano,26,646,83428,2
494,Milan Dalton,22,899,14256,2
495,Lilian Reyna,35,590,91599,2
496,Reginald Stokes,35,139,27047,1
497,Miranda Wilson,30,718,86218,2
498,Daniel Krueger,27,108,34703,4
499,Kamari Huffman,48,227,13640,3
500,Chris Joseph,48,853,31385,2
501,Gracelynn Gillespie,41,171,63117,4
502,Forest Villegas,47,310,32319,3
503,Jessie Horn,39,921,50797,1
504,Wilson Powell,22,490,52700,4
505,Vivian Schultz,48,940,70477,1
506,Cody Hanson,20,666,65298,4
507,Mariana Cisneros,47,469,86095,1
508,Alden Jarvis,45,408,73405,2
509,Elisabeth Herring,30,881,58856,1
510,Henrik Wyatt,38,115,68088,1
511,Liberty Bennett,20,828,24796,1
512,Leonardo Cummings,34,525,18701,2
513,Nylah Lopez,28,671,21479,2
514,Michael Lowe,35,911,94958,4
515,Amari Branch,40,608,14156,4
516,Keenan Johnson,33,153,52855,3
517,Emma Perkins,46,990,54790,4
518,Kyrie Marin,28,982,72600,1
519,Celia Flowers,23,708,27358,4
520,Saul Cain,24,970,63643,1
521,Kendra Phan,49,429,75495,4
522,Maison Hendrix,30,480,92490,1
523,Zhuri Chase,25,157,72242,1
524,Otis Wilcox,21,849,76825,1
525,Ashlyn Barker,34,295,20791,4
526,Kade Luna,29,925,23601,4
527,Journey Horton,36,593,97048,3
528,Garrett Lindsey,27,650,18278,2
529,Colette Simon,34,174,90856,2
530,Zayne Cannon,47,808,36660,4
531,Noa Zimmerman,28,800,62693,2
532,Sergio Leon,49,105,32419,3
533,Amora McCormick,34,808,47544,3
534,Jasiah Richmond,43,330,15271,3
535,Whitney Marsh,40,299,74328,1
536,Bo Cordova,49,291,53789,3
537,Florence Escobar,47,266,58663,1
538,Zachariah Andersen,45,134,94726,1
539,Zoie Villarreal,25,743,53346,3
540,Nikolai Morris,46,411,87110,2
541,Genesis Swanson,24,470,90117,4
542,Hugo Nolan,28,492,95023,2
543,Itzayana Christensen,26,379,20561,1
544,Gregory Sparks,22,619,92406,2
545,Aisha Franklin,28,906,14257,3
546,Simon Carter,29,829,29414,1
547,Lucy Lloyd,37,649,89174,3
548,Zaire McKenzie,26,117,56133,3
549,Briar Moore,43,109,91790,4
550,Levi Watson,29,985,92390,2
551,Hailey Klein,39,853,13652,2
552,Marco Lambert,50,680,22585,1
553,Nina Cantu,48,748,30803,2
554,Anakin Everett,35,890,81750,1
555,Noah Bates,25,830,38717,4
556,Ellis Simmons,38,970,12130,3
557,Reagan Knight,37,552,38164,3
558,Beckett Juarez,40,343,56240,3
559,Juliet Juarez,43,266,21015,2
560,Joaquin Woodward,34,986,41091,4
561,Drew Torres,38,475,49798,4
562,Jayden Wall,24,925,60836,3
563,Jayda Day,47,504,74228,3
564,Kayson Tapia,20,290,43365,1
565,Michaela Shannon,48,580,94424,1
566,Eliel Powers,29,820,62645,1
567,Michelle Gallagher,29,288,71844,1
568,Marcos Jackson,22,648,20264,2
569,Avery Rodriguez,32,787,59201,2
570,Henry Phelps,47,370,20034,2
571,Laney Myers,33,182,88049,2
572,Adam Bowers,37,646,26077,2
573,Elisa Huynh,36,806,22929,2
574,Layton Leonard,32,946,31668,3
575,Demi Frye,35,765,42673,4
576,Franco Lopez,41,555,16003,3
577,Gianna Moreno,47,587,25203,4
578,Myles Harrell,41,398,84550,2
579,Kara Simon,45,217,44482,1
580,Zayne Simmons,40,126,55713,4
581,Reagan Cisneros,46,549,52073,1
582,Alden Hull,26,184,49215,4
583,Andi Moody,49,272,91872,1
584,Ryland Montes,28,480,70112,3
585,Roselyn Dyer,48,485,30231,3
586,Atreus Ray,32,827,72958,2
587,Ruth Spears,25,546,98992,3
588,Ameer Ayala,38,786,44731,2
589,Blair Jimenez,42,173,26349,3
590,Silas Burgess,33,629,29389,4
591,Emory Brennan,42,420,44546,3
592,Curtis Maddox,46,891,69796,1
593,Zainab Trejo,49,147,57803,2
594,Wesson Gilbert,48,169,54195,1
595,Jocelyn Moss,46,206,53369,1
596,Porter Chavez,50,525,60092,4
597,Nevaeh Lara,20,500,72202,2
598,Caiden Reilly,49,505,20356,4
599,Tori Banks,34,448,56860,1
600,Martin Frederick,43,364,82603,1
601,Sariyah Gaines,32,686,74476,1
602,Talon Daniels,22,892,31475,2
603,Ember Miranda,35,530,11227,1
604,Rory Salinas,37,738,28416,2
605,Royalty Trevino,25,711,26866,2
606,Jaime Lawrence,46,198,87581,2
607,Lauren Maddox,27,888,44289,4
608,Lyric Wade,40,945,35175,2
609,Evie Friedman,44,843,43994,3
610,Darwin Carpenter,30,972,54072,3
611,Lilly Walters,42,324,50101,4
612,Colson Newman,44,349,61921,4
613,Oaklynn Robles,45,203,64441,3
614,Otto Farrell,26,984,58410,1
615,Kassidy Choi,38,710,13313,4
616,Khari Pollard,29,581,49453,4
617,Marisol Sierra,50,556,10253,1
618,Dayton McIntyre,20,550,10800,1
619,Rebekah Harding,39,579,69418,4
620,Brodie Long,21,707,95843,1
621,Jade Craig,34,641,44667,1
622,Odin Valdez,24,459,25845,2
623,Diana Hodge,26,608,65629,1
624,Reign Calderon,32,419,11654,2
625,Serena Roberson,31,865,31762,1
626,Shepherd Hernandez,35,142,73965,1
627,Camila Berry,30,620,28251,3
628,Adonis Whitney,25,346,24837,3
629,Madalynn House,46,676,11038,3
630,Yehuda Hoffman,36,254,61872,2
631,Aspen Tucker,37,166,20292,3
632,Ivan Johnston,43,215,56033,3
633,Laila Keith,38,322,37651,4
634,Jagger Johnston,21,938,34793,4
635,Laila Moore,44,277,97683,3
636,Levi Barber,50,659,22666,1
637,Cassidy Bruce,43,260,85557,1
638,Uriah Mayer,25,683,61540,1
639,Ainhoa Montes,29,522,55803,4
640,Darren Todd,24,438,10057,1
641,Zariah Odom,50,817,96676,2
642,Kylian Patel,26,514,18228,2
643,Madeline Jacobs,37,974,99873,1
644,Bryan Rivera,34,464,92099,3
645,Lillian Payne,37,934,46126,4
646,Edward Ramirez,33,640,19521,4
647,Grace Owens,31,777,18695,3
648,Adriel Luna,38,178,37653,3
649,Journey Huber,44,956,94505,3
650,Mac Thornton,37,161,67427,3
651,Haisley Grimes,50,101,45441,1
652,Harlan Camacho,39,341,62928,4
653,Armani Day,28,254,39802,1
654,Kayson Rubio,44,214,74030,2
655,Hadassah Potter,23,333,20318,1
656,Lucca Bailey,32,594,13994,1
657,Kennedy Wood,44,567,94189,3
658,Carson Donovan,38,955,96156,2
659,Azariah Day,33,646,21611,4
660,Kayson Carlson,33,798,20752,2
661,Kali Ellison,39,699,41807,3
662,Kye Rosas,33,977,26860,3
663,Joelle Hammond,45,182,35679,3
664,Francis Delacruz,42,121,47241,1
665,Celine Luna,40,382,73274,2
666,Erick Robertson,29,775,43988,4
667,Harmony Matthews,30,235,55868,4
668,Preston Padilla,24,436,50031,1
669,Maggie Wade,49,647,85832,1
670,Jake Glenn,46,406,78123,4
671,Blaire Gates,34,352,80058,1
672,Ermias Case,44,464,91905,1
673,Cleo Richardson,37,616,50498,1
674,Robert Burch,50,517,31933,3
675,Freyja O’Donnell,28,817,10762,4
676,Lian Rosario,39,480,17485,2
677,Louisa Salas,22,592,29079,2
678,Zaiden Gilbert,34,200,13051,3
679,Jocelyn Palmer,40,879,25826,3
680,Theo Montes,27,975,39995,2
681,Roselyn Ballard,48,734,40125,4
682,Kenzo Rangel,34,465,90958,2
683,Gloria Zhang,42,224,26123,3
684,Isaias Velez,45,191,61863,4
685,Megan Zamora,37,300,75807,4
686,Quentin Campbell,31,997,32367,4
687,Addison Frazier,43,336,13771,4
688,Callum Wilkinson,21,717,40474,4
689,Siena House,50,551,80035,1
690,Yehuda Alexander,46,411,49568,1
691,Lyla Yu,31,384,73537,1
692,Bryant Krueger,30,583,27791,4
693,Kamari Webb,25,679,58388,1
694,Lorenzo Galindo,24,459,12706,3
695,Corinne Wiggins,24,823,19350,1
696,Azariah Abbott,32,409,86319,2
697,Melany Farley,35,878,32349,1
698,Graysen Mendez,28,906,94232,2
699,Londyn Cain,37,955,94918,3
700,Benson Austin,25,941,32132,3
701,Alivia Gordon,42,904,19216,3
702,Karter Wallace,43,256,82139,2
703,Arianna Farley,45,136,96639,4
704,Graysen Curry,37,285,57407,1
705,Alison Davidson,23,401,57536,4
706,Dante Elliott,50,159,40258,4
707,Noelle Horne,49,278,84545,4
708,Zev Terrell,49,662,93220,1
709,Paityn Dyer,45,459,70220,2
710,Atreus Burnett,29,697,70382,4
711,Emberly Barnes,24,303,76070,1
712,Damian Randolph,32,773,18492,4
713,Kailey Greene,27,358,16033,2
714,Griffin Petersen,21,722,91087,2
715,Fernanda Hamilton,37,157,21883,2
716,Jason Mosley,39,434,78444,2
717,Zaniyah Cannon,31,121,39244,2
718,Archie Koch,40,719,41470,4
719,Milana Allison,29,180,30352,3
720,Dennis Carrillo,46,997,24257,4
721,Kaylani Scott,43,959,50290,4
722,Leo Arellano,40,298,75346,4
723,Faye Castaneda,30,995,54284,4
724,Collin Vazquez,35,204,78128,2
725,Journee Bryant,25,794,68490,1
726,Jonah Magana,21,131,18156,2
727,Amaris Scott,23,764,95241,1
728,Leo Ibarra,37,657,25747,3
729,Madilynn Bernal,28,687,80534,2
730,Eithan Peck,32,142,97530,2
731,Crystal Pittman,41,741,43560,4
732,Valentino Hendrix,31,221,57729,1
733,Zhuri Mitchell,23,681,26347,4
734,Jaxon Hawkins,29,980,52413,3
735,Ariel Carr,40,402,35343,3
736,Kash Jordan,48,135,56342,4
737,Adalynn Roy,35,245,62029,3
738,Marcelo Stewart,29,191,50360,1
739,Maya Person,38,183,65226,4
740,Moses Carter,50,582,34953,4
741,Lucy Mejia,48,496,15840,2
742,Atticus Carpenter,21,588,96791,4
743,Lilly Cochran,34,440,79368,2
744,Danny Hendricks,20,311,25623,1
745,Dani Dawson,24,940,87475,1
746,Iker Melton,34,520,10281,3
747,Kamiyah Hess,26,799,34250,1
748,Lawrence Owen,34,700,25404,3
749,Mikayla Jaramillo,33,183,38179,1
750,Riggs Frazier,30,964,10062,2
751,Octavia Lozano,40,931,34261,4
752,Boone Fletcher,32,902,70288,3
753,Anaya Hughes,21,962,16790,3
754,Everett Durham,42,314,87711,4
755,Tiffany Case,47,427,36535,3
756,Bentlee English,47,279,63237,1
757,Kelly Palmer,45,129,72694,4
758,Theo Shaw,21,337,49092,4
759,Emersyn Montoya,28,541,70123,3
760,Ford Moore,20,435,45517,3
761,Emily Solis,44,315,79054,2
762,Ronin Mendez,20,452,47704,4
763,Londyn Joseph,24,159,61648,1
764,Kyle Hunter,27,629,85815,1
765,Khloe Ballard,50,540,81844,4
766,Kenzo Evans,24,578,76665,2
767,Eliana Klein,20,831,97204,2
768,Marco Bradford,34,522,96345,2
769,Rhea Bartlett,34,127,24822,1
770,Kace Rowe,32,666,84283,3
771,Matilda Ali,24,936,30930,3
772,Arjun Rodriguez,46,157,99836,3
773,Evelyn Nichols,46,815,27354,2
774,Atlas Sharp,32,154,60924,3
775,Camryn Figueroa,44,291,54861,3
776,Spencer Franklin,37,878,43711,4
777,Angela Browning,20,447,33815,4
778,Rohan Davenport,47,838,63714,4
779,Adrianna Camacho,50,649,60566,3
780,Tatum Eaton,45,401,81073,1
781,Miley Fleming,44,338,78183,2
782,Fernando Dougherty,28,929,54599,4
783,Alisson Booker,34,964,66121,1
784,Dominik Bradford,50,775,14799,1
785,Rhea Huff,31,454,14928,2
786,Finnley Maynard,25,633,17480,1
787,Carolyn Bryant,28,873,90669,3
788,Jonah Avila,39,589,11899,3
789,Amiyah Reed,30,949,27613,1
790,Easton Atkins,45,744,15685,3
791,Mina Choi,26,739,45552,4
792,Khari Bowers,44,468,90021,4
793,Elisa Bryant,48,719,83163,1
794,Jonah Navarro,41,176,82369,4
795,Winter Ballard,22,529,85179,4
796,Kenzo Christian,23,985,68178,1
797,Anahi Pearson,50,798,73052,1
798,Gunner Chen,33,496,19115,3
799,Valeria Parsons,26,736,21634,4
800,Lewis Howard,29,555,92727,3
801,Sophie Shaw,25,609,13989,2
802,Elliot Butler,32,152,77643,1
803,Athena Jenkins,32,786,19839,3
804,Declan Booth,27,760,55866,2
805,Zariyah Rivers,47,968,25366,3
806,Bear Hull,34,740,40265,3
807,Andi McLean,42,198,22113,3
808,Crosby Townsend,39,367,69306,1
809,Azalea Rowland,48,217,50016,2
810,Eliezer Compton,44,195,54922,4
811,Elina Knox,43,967,90953,1
812,Valentin Waters,21,575,51347,3
813,Bristol Blake,39,391,76629,2
814,Zyaire Todd,22,428,85860,3
815,Zariah Olsen,26,450,90992,1
816,Skyler Parra,24,605,91645,1
817,Dalary Klein,21,599,87675,1
818,Marco Vaughan,27,869,99301,3
819,Nancy Le,28,792,22103,1
820,Damien Benitez,36,578,93919,2
821,Aliza Dean,34,185,51144,3
822,Ronan Galvan,42,957,81857,2
823,Dallas Charles,26,915,36760,4
824,Conrad Novak,37,785,47733,4
825,Kaiya Gonzales,48,872,56440,2
826,Brayden Ryan,42,209,66754,2
827,Morgan Dixon,46,267,27668,1
828,Camden Wong,36,268,34653,4
829,Adelaide Sullivan,49,929,83247,2
830,Evan Livingston,46,514,31401,3
831,Milena Rocha,39,326,42995,3
832,Onyx Jensen,42,228,15736,2
833,Jane Simmons,33,915,45869,4
834,Harrison McBride,37,523,42777,4
835,Kelsey Brennan,23,873,54041,3
836,Curtis McCarty,47,372,72486,3
837,Halo Simpson,48,221,41398,2
838,Elliott Figueroa,45,391,90167,1
839,Lilith Ball,22,750,58356,1
840,Shane Estes,28,265,61589,4
841,Brittany Ramsey,48,626,18555,1
842,Luciano Parker,30,747,40349,2
843,Aubrey Felix,46,333,13238,2
844,Rodney Rosales,33,144,80963,2
845,Kinley Austin,36,543,20829,2
846,Omar Acevedo,35,754,29803,1
847,Ashlynn Gould,30,994,24615,3
848,Blaine Lim,33,691,35846,4
849,Giavanna Ali,40,505,12230,3
850,Arjun Wheeler,43,540,23268,4
851,Sydney Gray,39,210,74069,2
852,Nicholas Black,39,146,40161,4
853,Molly O’Neill,38,984,51682,3
854,Marcel Barnett,45,444,48332,4
855,Harlow Beck,24,165,47506,1
856,Eduardo Young,20,234,86851,3
857,Zoey Palacios,26,442,62801,1
858,Thaddeus Meyer,47,444,92700,2
859,Sara Kirk,29,805,59548,1
860,Alessandro Fernandez,25,412,98485,2
861,Amara Bell,30,512,17684,2
862,Emmett Greer,34,803,22609,3
863,Reina Hardy,25,358,25358,4
864,Jayceon Hubbard,33,251,42289,2
865,Rosie Dunn,32,188,67571,1
866,Dawson Farley,46,104,53805,2
867,Wrenley Todd,45,126,50422,4
868,Baylor Savage,41,186,49564,1
869,Louise O’Neill,21,508,46847,4
870,Marcel Sandoval,50,463,66987,2
871,Elsie Davenport,47,465,13045,4
872,Dariel Simon,33,405,61864,1
873,Kalani Yates,42,432,75808,1
874,Braylon Reyna,31,553,69777,1
875,Luella Long,20,824,24680,2
876,Jace Marsh,33,462,97164,1
877,Adelina Nicholson,34,546,24127,2
878,Rodrigo Odom,50,659,49441,2
879,Laylani English,41,146,85614,1
880,Junior Villalobos,25,845,40484,4
881,Zoya Solomon,38,905,31402,2
882,Musa Barrett,46,806,36973,3
883,Kendall Huffman,29,302,48825,3
884,Chris Malone,41,304,44822,4
885,Skyler Chandler,43,305,66957,4
886,Royal Buchanan,44,250,57678,3
887,Maryam Knapp,25,934,51615,1
888,Boden Xiong,46,663,98292,4
889,Amayah Proctor,27,513,38972,4
890,Vance Orozco,47,364,95998,1
891,Renata McCarthy,44,477,96512,2
892,Devin Richardson,38,444,67419,4
893,Allison McIntyre,50,687,24385,1
894,Eliseo Yu,32,806,61179,1
895,Navy Hunt,25,624,42066,1
896,Jesus Sims,30,773,78538,1
897,Lena Rosales,36,602,96408,2
898,Wilder Walsh,37,144,30639,1
899,Leia Terrell,40,1000,67170,1
900,Jaxen Cherry,28,550,21424,3
901,Nyomi Stevenson,24,278,17784,3
902,Callan Young,46,628,98847,3
903,Zoey Stevenson,34,902,59647,2
904,Callan Evans,31,994,16229,3
905,Eliana Cameron,41,141,52260,3
906,Rayan Schroeder,45,302,33910,4
907,Cameron Wilkerson,50,922,24828,4
908,Carmelo Blackwell,46,240,95684,3
909,Saoirse Valdez,48,618,15355,4
910,Kyler Martinez,42,217,78278,2
911,Harper Esparza,24,661,68640,1
912,Carl Terry,28,417,51039,4
913,Wren Potter,22,367,93262,4
914,Lucca Castaneda,49,749,89655,2
915,Keira Hill,25,447,88828,2
916,Isaac Deleon,36,803,89360,1
917,Gabrielle Steele,27,411,90132,3
918,Elian Lam,35,860,42386,4
919,Karina Benton,30,600,15748,3
920,Jamal Goodwin,29,740,14631,3
921,Shiloh Boyd,40,979,35428,3
922,Dean Rangel,42,937,89290,4
923,Gloria Truong,35,118,60115,3
924,Ayan Santos,49,959,50445,4
925,Alana Wheeler,38,321,56133,4
926,Kenneth Jones,25,206,35103,4
927,Sophia Dodson,43,146,73556,1
928,Seven Glover,22,265,70634,4
929,Alessia Palmer,30,199,79453,4
930,Theo Banks,38,229,72001,3
931,Cali Robbins,29,700,74195,1
932,Finnegan Christensen,24,373,17806,3
933,Carmen McMahon,23,760,16721,1
934,Jakob Farmer,34,661,37551,3
935,Madelynn Ware,29,958,24635,3
936,Tadeo Vaughn,43,160,22402,3
937,Reign Barnett,41,979,52535,4
938,Stephen Ponce,39,341,66511,2
939,Aileen Jefferson,28,707,37193,4
940,Raylan Fernandez,29,188,50846,4
941,Amara Leblanc,22,304,32694,1
942,Braden Briggs,47,453,81575,1
943,Alia Cardenas,39,333,74092,4
944,Johnathan Proctor,30,299,76253,1
945,Chandler Weber,42,414,24963,4
946,Crew O’Connor,35,578,48563,1
947,Charli Peters,20,480,27644,2
948,Patrick Guerra,25,776,96441,4
949,Edith Mack,38,457,12495,2
950,Esteban Peterson,21,818,36469,2
951,Caroline Cisneros,33,160,96256,2
952,Alden Delacruz,38,841,18740,3
953,Celine Gonzalez,23,907,32684,2
954,Ethan Sparks,48,684,14564,4
955,Aisha Harris,33,292,85711,2
956,Samuel Moody,41,151,22059,3
957,Elaine Steele,43,120,58090,4
958,Elian Liu,36,232,72066,3
959,Kate Gray,29,897,30400,4
960,Nicholas Hodge,45,298,11514,4
961,Coraline Mahoney,50,677,36185,4
962,Kamryn Bowen,48,508,84366,2
963,Dream Tanner,46,389,66214,1
964,Bruno McLean,27,478,80126,2
965,Sky Gregory,32,659,25898,4
966,Travis Poole,28,725,51109,4
967,Bonnie Krueger,27,503,83307,3
968,Jones Barron,27,897,14328,1
969,Anya Weeks,35,356,84610,2
970,Anders Marks,33,808,28608,1
971,Monica Leblanc,25,838,90459,2
972,Braden Bowers,35,107,90855,3
973,Elisa Valencia,36,921,29907,3
974,Dax Bruce,40,881,98768,3
975,Marilyn Moran,40,213,78108,3
976,Tate Atkinson,42,994,11900,4
977,Jazmin Sweeney,36,183,50611,4
978,Nixon Stanton,23,384,52579,3
979,Jaycee McFarland,49,992,35011,4
980,Dane Hicks,48,207,65112,4
981,Alina Humphrey,48,467,86167,1
982,Krew Short,42,407,66480,2
983,Cheyenne Humphrey,27,647,60417,4
984,Krew Gibbs,22,235,74071,1
985,Carter Harrison,29,826,14203,4
986,Gavin Beard,29,318,11776,2
987,Ezra Portillo,20,700,88862,2
988,Wallace Costa,35,953,19883,2
989,Robin Ramirez,36,393,83738,3
990,David Hail,30,984,32481,2
991,Lainey McCarthy,48,682,34416,4
992,Devin Costa,29,163,16816,3
993,Robin Mayo,44,947,96921,4
994,Jericho Collier,42,765,43269,4
995,Ivory Crosby,38,225,68551,3
996,Tristen Fernandez,29,945,50478,3
997,Amara Huang,33,974,55908,1
998,Ayaan Price,23,644,46044,3
999,Piper Murphy,23,790,83615,2
1000,Cameron Mora,44,518,70925,1